Recipe;Profession;Achievement Type;Level;Tier
Apprentice's Antiplague;Alchemist;Uncommon;1;1
Apprentice's Antitoxin;Alchemist;Uncommon;1;1
Apprentice's Bloodblock;Alchemist;Uncommon;1;1
Apprentice's Smokestick;Alchemist;Uncommon;1;1
Apprentice's Ambrosia;Alchemist;Uncommon;2;1
Apprentice's Fortifying Powder;Alchemist;Uncommon;2;1
Apprentice's Soothe Syrup;Alchemist;Uncommon;2;1
Apprentice's Speed Potion;Alchemist;Uncommon;2;1
Apprentice's Ward Gel;Alchemist;Uncommon;2;1
Apprentice's Acid;Alchemist;Uncommon;3;1
Apprentice's Styptic;Alchemist;Uncommon;3;1
Apprentice's Tangle Bomb;Alchemist;Uncommon;3;1
Apprentice's Thunder;Alchemist;Uncommon;3;1
Apprentice's Black Fester;Alchemist;Uncommon;4;1
Apprentice's Choking Bomb;Alchemist;Uncommon;4;1
Apprentice's Cinder Bomb;Alchemist;Uncommon;4;1
Apprentice's Longsleep;Alchemist;Uncommon;4;1
Apprentice's Pox Burster;Alchemist;Uncommon;4;1
Apprentice's Bloodfire;Alchemist;Uncommon;5;1
Apprentice's Digitalis;Alchemist;Uncommon;5;1
Apprentice's Ifrit's Blood;Alchemist;Uncommon;5;1
Apprentice's Mirage;Alchemist;Uncommon;5;1
Apprentice's Woundweal;Alchemist;Uncommon;5;1
Clerk's Ink +1;Apothecary;Common;1;1
Clerk's Ink +2;Apothecary;Common;2;1
Clerk's Ink +3;Apothecary;Common;3;1
Weak Acidic Extract +1;Apothecary;Uncommon;1;1
Weak Acidic Extract +2;Apothecary;Uncommon;2;1
Weak Acidic Extract +3;Apothecary;Uncommon;3;1
Weak Luminous Extract +1;Apothecary;Uncommon;1;1
Weak Luminous Extract +2;Apothecary;Uncommon;2;1
Weak Luminous Extract +3;Apothecary;Uncommon;3;1
Weak Aromatic Extract +1;Apothecary;Common;1;1
Weak Aromatic Extract +2;Apothecary;Common;2;1
Weak Aromatic Extract +3;Apothecary;Common;3;1
Weak Varnish +1;Apothecary;Common;2;1
Weak Varnish +2;Apothecary;Common;3;1
Weak Varnish +3;Apothecary;Common;4;1
Weak Sedative Extract +1;Apothecary;Uncommon;2;1
Weak Sedative Extract +2;Apothecary;Uncommon;3;1
Weak Sedative Extract +3;Apothecary;Uncommon;4;1
Weak Antiseptic Extract +1;Apothecary;Uncommon;2;1
Weak Antiseptic Extract +2;Apothecary;Uncommon;3;1
Weak Antiseptic Extract +3;Apothecary;Uncommon;4;1
Weak Sanguine Extract +1;Apothecary;Uncommon;2;1
Weak Sanguine Extract +2;Apothecary;Uncommon;3;1
Weak Sanguine Extract +3;Apothecary;Uncommon;4;1
Weak Soothing Extract +1;Apothecary;Uncommon;3;1
Weak Soothing Extract +2;Apothecary;Uncommon;4;1
Weak Soothing Extract +3;Apothecary;Uncommon;5;1
Weak Cathartic Extract +1;Apothecary;Uncommon;3;1
Weak Cathartic Extract +2;Apothecary;Uncommon;4;1
Weak Cathartic Extract +3;Apothecary;Uncommon;5;1
Weak Flammable Extract +1;Apothecary;Uncommon;3;1
Weak Flammable Extract +2;Apothecary;Uncommon;4;1
Weak Flammable Extract +3;Apothecary;Uncommon;5;1
Weak Tonic Extract +1;Apothecary;Uncommon;3;1
Weak Tonic Extract +2;Apothecary;Uncommon;4;1
Weak Tonic Extract +3;Apothecary;Uncommon;5;1
Weak Adhesive Extract +1;Apothecary;Uncommon;3;1
Weak Adhesive Extract +2;Apothecary;Uncommon;4;1
Weak Adhesive Extract +3;Apothecary;Uncommon;5;1
Weak Irritant Extract +1;Apothecary;Uncommon;4;1
Weak Irritant Extract +2;Apothecary;Uncommon;5;1
Weak Stimulant Extract +1;Apothecary;Uncommon;4;1
Weak Stimulant Extract +2;Apothecary;Uncommon;5;1
Weak Deadly Extract +1;Apothecary;Uncommon;4;1
Weak Deadly Extract +2;Apothecary;Uncommon;5;1
Weak Hallucinogenic Extract +1;Apothecary;Uncommon;4;1
Weak Hallucinogenic Extract +2;Apothecary;Uncommon;5;1